Distance,qx,qy,Susceptibility_Real,Susceptibility_Imag,Susceptibility_Abs
0.0,0.0,0.0,16.57556195694683,2.046128924932502e-14,16.57556195694683
0.01020408163265306,0.01020408163265306,0.0,17.361532866041024,-0.13029361987312488,17.36202176838868
0.02040816326530612,0.02040816326530612,0.0,18.715506532824957,-0.18981093889559936,18.71646903058208
0.030612244897959183,0.030612244897959183,0.0,19.120143122117675,-0.1640645874890228,19.120847005274943
0.04081632653061224,0.04081632653061224,0.0,18.51967590534533,-0.1044955936227762,18.519970706459418
0.0510204081632653,0.05102040816326531,0.0,17.987326669009892,-0.06888489792636976,17.987458570538443
0.06122448979591836,0.061224489795918366,0.0,17.607536328401896,-0.048811141772193464,17.607603984743456
0.07142857142857142,0.07142857142857142,0.0,17.327846301554644,-0.03663147931958576,17.327885021420766
0.08163265306122448,0.08163265306122448,0.0,17.112207886302386,-0.028709666437287232,17.11223196982137
0.09183673469387754,0.09183673469387756,0.0,16.939651823892053,-0.02326870830356493,16.93966780510986
0.1020408163265306,0.10204081632653061,0.0,18.362610085840952,-0.01853291807395373,18.362619438241378
0.11224489795918366,0.11224489795918367,0.0,18.243163319218667,-0.015633458479679944,18.24317001775485
0.12244897959183672,0.12244897959183673,0.0,18.141888896811835,-0.013400563932764672,18.141893845995742
0.13265306122448978,0.1326530612244898,0.0,18.058192428143446,-0.011587737006434477,18.058196146002683
0.14285714285714285,0.14285714285714285,0.0,17.99988247732969,-0.009925889897883962,17.999885214105415
0.15306122448979592,0.15306122448979592,0.0,17.997770092799023,-0.007927777976009135,17.997771838839235
0.163265306122449,0.16326530612244897,0.0,18.13167138385639,-0.004624709151721891,18.131671973651283
0.17346938775510207,0.17346938775510204,0.0,18.479210081267915,0.0006984908588126477,18.47921009446895
0.18367346938775514,0.1836734693877551,0.0,18.864635777999787,0.005783466236613023,18.86463666453906
0.1938775510204082,0.19387755102040816,0.0,19.032096501609637,0.007982974132402825,19.03209817583069
0.20408163265306128,0.20408163265306123,0.0,19.04099275089582,0.008216549696192914,19.04099452369429
0.21428571428571436,0.21428571428571427,0.0,19.035378669500126,0.008002534993672553,19.035380351645895
0.22448979591836743,0.22448979591836735,0.0,19.012425232284414,0.007372082376958424,19.01242666154964
0.2346938775510205,0.23469387755102042,0.0,18.992675245968297,0.007059969132657568,18.992676558136324
0.24489795918367357,0.24489795918367346,0.0,18.982993963525246,0.007055913917582574,18.982995274854733
0.25510204081632665,0.25510204081632654,0.0,18.975852459325004,0.0070995000199336085,18.97585378740496
0.2653061224489797,0.2653061224489796,0.0,18.96937441769169,0.00714355669905659,18.969375762765054
0.2755102040816328,0.2755102040816326,0.0,18.96325825269764,0.00718322078423573,18.96325961318797
0.28571428571428586,0.2857142857142857,0.0,18.957437572240817,0.0072185887490270025,18.957438946583245
0.29591836734693894,0.29591836734693877,0.0,18.951881001280974,0.007250205005989033,18.95188238809505
0.306122448979592,0.30612244897959184,0.0,19.041369735630358,0.0016701236834659632,19.041369808873856
0.3163265306122451,0.3163265306122449,0.0,19.036273741796936,0.0016956671613731623,19.036273817318207
0.32653061224489816,0.32653061224489793,0.0,19.03138039873841,0.0017187428484993403,19.031380476349096
0.3367346938775512,0.336734693877551,0.0,19.026674314379758,0.0017396510585366402,19.026674393909836
0.3469387755102043,0.3469387755102041,0.0,19.022141920013144,0.0017586463184556457,19.022142001308847
0.3571428571428574,0.35714285714285715,0.0,19.017771199565647,0.001775945502400248,19.017771282487626
0.36734693877551045,0.3673469387755102,0.0,19.013551466898043,0.0017917343285284001,19.013551551319722
0.3775510204081635,0.37755102040816324,0.0,19.00947318105199,0.0018061725804832524,19.00947326685814
0.3877551020408166,0.3877551020408163,0.0,19.005527792036272,0.0018193983313885699,19.005527879121733
0.39795918367346966,0.3979591836734694,0.0,19.00170761139517,0.0018315313823611874,19.00170769966374
0.40816326530612274,0.40816326530612246,0.0,19.000957977745365,0.0018338362953554815,19.000958066239733
0.4183673469387758,0.41836734693877553,0.0,19.000957977745365,0.0018338362953554815,19.000958066239733
0.4285714285714289,0.42857142857142855,0.0,19.000957977745365,0.0018338362953554815,19.000958066239733
0.43877551020408195,0.4387755102040816,0.0,19.000957977745365,0.0018338362953554815,19.000958066239733
0.448979591836735,0.4489795918367347,0.0,19.000957977745365,0.0018338362953554815,19.000958066239733
0.4591836734693881,0.45918367346938777,0.0,19.000957977745365,0.0018338362953554815,19.000958066239733
0.46938775510204117,0.46938775510204084,0.0,19.000957977745365,0.0018338362953554815,19.000958066239733
0.47959183673469424,0.47959183673469385,0.0,19.000957977745365,0.0018338362953554815,19.000958066239733
0.4897959183673473,0.4897959183673469,0.0,19.000957977745365,0.0018338362953554815,19.000958066239733
0.5000000000000003,0.5,0.0,19.116190829464262,0.0023133593010607237,19.116190969440662
0.5075758004870495,0.5,0.0,19.116190829464262,0.0023133593010607237,19.116190969440662
0.5151516009740987,0.496530612244898,0.0067346938775510205,19.000957977745365,0.0018338362953554815,19.000958066239733
0.5227274014611479,0.4930612244897959,0.013469387755102041,19.000957977745365,0.0018338362953554815,19.000958066239733
0.5303032019481971,0.4895918367346939,0.02020408163265306,19.000957977745365,0.0018338362953554815,19.000958066239733
0.5378790024352463,0.48612244897959184,0.026938775510204082,19.000957977745365,0.0018338362953554815,19.000958066239733
0.5454548029222955,0.4826530612244898,0.0336734693877551,19.000957977745365,0.0018338362953554815,19.000958066239733
0.5530306034093447,0.4791836734693877,0.04040816326530612,19.000957977745365,0.0018338362953554815,19.000958066239733
0.5606064038963939,0.47571428571428576,0.04714285714285714,19.000957977745365,0.0018338362953554815,19.000958066239733
0.5681822043834431,0.4722448979591837,0.053877551020408164,19.000957977745365,0.0018338362953554815,19.000958066239733
0.5757580048704923,0.46877551020408165,0.06061224489795919,19.000957977745365,0.0018338362953554815,19.000958066239733
0.5833338053575415,0.4653061224489796,0.0673469387755102,19.000957977745365,0.0018338362953554815,19.000958066239733
0.5909096058445907,0.46183673469387754,0.07408163265306122,19.000957977745365,0.0018338362953554815,19.000958066239733
0.5984854063316399,0.45836734693877546,0.08081632653061224,19.000957977745365,0.0018338362953554815,19.000958066239733
0.6060612068186891,0.45489795918367343,0.08755102040816327,19.000957977745365,0.0018338362953554815,19.000958066239733
0.6136370073057383,0.4514285714285714,0.09428571428571428,19.000957977745365,0.0018338362953554815,19.000958066239733
0.6212128077927875,0.4479591836734694,0.10102040816326531,19.065060571032706,0.0026537774977464586,19.065060755730126
0.6287886082798367,0.4444897959183674,0.10775510204081633,19.065060571032706,0.0026537774977464586,19.065060755730126
0.6363644087668859,0.4410204081632653,0.11448979591836735,19.065060571032706,0.0026537774977464586,19.065060755730126
0.6439402092539351,0.4375510204081633,0.12122448979591838,19.065060571032706,0.0026537774977464586,19.065060755730126
0.6515160097409843,0.4340816326530612,0.1279591836734694,19.065060571032706,0.0026537774977464586,19.065060755730126
0.6590918102280335,0.4306122448979592,0.1346938775510204,19.065060571032706,0.0026537774977464586,19.065060755730126
0.6666676107150827,0.42714285714285716,0.14142857142857143,19.065060571032706,0.0026537774977464586,19.065060755730126
0.6742434112021319,0.4236734693877551,0.14816326530612245,19.065060571032706,0.0026537774977464586,19.065060755730126
0.6818192116891811,0.42020408163265305,0.1548979591836735,19.065060571032706,0.0026537774977464586,19.065060755730126
0.6893950121762303,0.416734693877551,0.16163265306122448,19.065060571032706,0.0026537774977464586,19.065060755730126
0.6969708126632795,0.413265306122449,0.16836734693877553,19.065060571032706,0.0026537774977464586,19.065060755730126
0.7045466131503287,0.40979591836734697,0.17510204081632655,19.065060571032706,0.0026537774977464586,19.065060755730126
0.7121224136373779,0.4063265306122449,0.18183673469387754,19.065060571032706,0.0026537774977464586,19.065060755730126
0.7196982141244271,0.40285714285714286,0.18857142857142856,19.065060571032706,0.0026537774977464586,19.065060755730126
0.7272740146114763,0.39938775510204083,0.1953061224489796,19.065034802582385,0.0025849650361362223,19.065034977825814
0.7348498150985255,0.39591836734693875,0.20204081632653062,19.065060571032706,0.0026537774977464586,19.065060755730126
0.7424256155855747,0.3924489795918368,0.20877551020408167,19.141237688141686,-0.009418553422143266,19.141240005367578
0.7500014160726239,0.3889795918367347,0.21551020408163266,19.141237688141686,-0.009418553422143266,19.141240005367578
0.7575772165596731,0.38551020408163267,0.22224489795918367,19.141237688141686,-0.009418553422143266,19.141240005367578
0.7651530170467223,0.38204081632653064,0.2289795918367347,19.141237688141686,-0.009418553422143266,19.141240005367578
0.7727288175337715,0.37857142857142856,0.23571428571428574,19.141237688141686,-0.009418553422143266,19.141240005367578
0.7803046180208207,0.37510204081632653,0.24244897959183676,19.141237688141686,-0.009418553422143266,19.141240005367578
0.7878804185078699,0.3716326530612245,0.24918367346938775,19.141237688141686,-0.009418553422143266,19.141240005367578
0.7954562189949191,0.3681632653061225,0.2559183673469388,19.141237688141686,-0.009418553422143266,19.141240005367578
0.8030320194819683,0.3646938775510204,0.2626530612244898,19.141237688141686,-0.009418553422143266,19.141240005367578
0.8106078199690175,0.36122448979591837,0.2693877551020408,19.141237688141686,-0.009418553422143266,19.141240005367578
0.8181836204560667,0.35775510204081634,0.2761224489795919,19.141237688141686,-0.009418553422143266,19.141240005367578
0.8257594209431159,0.3542857142857143,0.28285714285714286,19.141237688141686,-0.009418553422143266,19.141240005367578
0.8333352214301651,0.3508163265306123,0.2895918367346939,19.141237688141686,-0.009418553422143266,19.141240005367578
0.8409110219172143,0.3473469387755102,0.2963265306122449,19.141237688141686,-0.009418553422143266,19.141240005367578
0.8484868224042635,0.3438775510204082,0.30306122448979594,19.065060571032706,0.0026537774977464586,19.065060755730126
0.8560626228913127,0.34040816326530615,0.309795918367347,19.065060571032706,0.0026537774977464586,19.065060755730126
0.8636384233783619,0.3369387755102041,0.316530612244898,19.065060571032706,0.0026537774977464586,19.065060755730126
0.8712142238654111,0.33346938775510204,0.32326530612244897,19.065060571032706,0.0026537774977464586,19.065060755730126
0.8787900243524603,0.33,0.33,19.065060571032706,0.0026537774977464586,19.065060755730126
0.8863658248395095,0.33,0.33,19.065060571032706,0.0026537774977464586,19.065060755730126
0.8939416253265587,0.32326530612244897,0.33346938775510204,19.065060571032706,0.0026537774977464586,19.065060755730126
0.9015174258136079,0.316530612244898,0.3369387755102041,19.065060571032706,0.0026537774977464586,19.065060755730126
0.9090932263006571,0.309795918367347,0.34040816326530615,19.065060571032706,0.0026537774977464586,19.065060755730126
0.9166690267877063,0.30306122448979594,0.3438775510204082,19.065060571032706,0.0026537774977464586,19.065060755730126
0.9242448272747555,0.2963265306122449,0.3473469387755102,17.97079714345243,-0.12449277752913646,17.97122835041542
0.9318206277618047,0.2895918367346939,0.3508163265306123,17.97079714345243,-0.12449277752913646,17.97122835041542
0.9393964282488539,0.2828571428571429,0.3542857142857143,17.97079714345243,-0.12449277752913646,17.97122835041542
0.9469722287359031,0.2761224489795919,0.35775510204081634,17.97079714345243,-0.12449277752913646,17.97122835041542
0.9545480292229523,0.2693877551020408,0.36122448979591837,17.97079714345243,-0.12449277752913646,17.97122835041542
0.9621238297100015,0.2626530612244898,0.3646938775510204,17.97079714345243,-0.12449277752913646,17.97122835041542
0.9696996301970507,0.2559183673469388,0.3681632653061225,17.97079714345243,-0.12449277752913646,17.97122835041542
0.9772754306840999,0.24918367346938775,0.3716326530612245,17.97079714345243,-0.12449277752913646,17.97122835041542
0.9848512311711491,0.24244897959183673,0.37510204081632653,17.97079714345243,-0.12449277752913646,17.97122835041542
0.9924270316581983,0.23571428571428574,0.37857142857142856,17.97079714345243,-0.12449277752913646,17.97122835041542
1.0000028321452477,0.2289795918367347,0.38204081632653064,17.97079714345243,-0.12449277752913646,17.97122835041542
1.0075786326322969,0.2222448979591837,0.38551020408163267,17.97079714345243,-0.12449277752913646,17.97122835041542
1.015154433119346,0.21551020408163268,0.3889795918367347,17.97079714345243,-0.12449277752913646,17.97122835041542
1.0227302336063953,0.20877551020408167,0.3924489795918368,17.97079714345243,-0.12449277752913646,17.97122835041542
1.0303060340934445,0.20204081632653062,0.39591836734693875,17.97079714345243,-0.12449277752913646,17.97122835041542
1.0378818345804937,0.1953061224489796,0.39938775510204083,17.97079714345243,-0.12449277752913646,17.97122835041542
1.0454576350675429,0.18857142857142856,0.4028571428571428,17.97079714345243,-0.12449277752913646,17.97122835041542
1.053033435554592,0.18183673469387754,0.4063265306122449,17.97079714345243,-0.12449277752913646,17.97122835041542
1.0606092360416413,0.17510204081632652,0.40979591836734697,17.97079714345243,-0.12449277752913646,17.97122835041542
1.0681850365286905,0.16836734693877553,0.413265306122449,17.97079714345243,-0.12449277752913646,17.97122835041542
1.0757608370157397,0.16163265306122448,0.416734693877551,17.97079714345243,-0.12449277752913646,17.97122835041542
1.0833366375027889,0.15489795918367347,0.4202040816326531,17.97079714345243,-0.12449277752913646,17.97122835041542
1.090912437989838,0.14816326530612248,0.4236734693877551,17.97079714345243,-0.12449277752913646,17.97122835041542
1.0984882384768873,0.14142857142857146,0.42714285714285716,17.97079714345243,-0.12449277752913646,17.97122835041542
1.1060640389639365,0.1346938775510204,0.4306122448979592,17.97079714345243,-0.12449277752913646,17.97122835041542
1.1136398394509857,0.1279591836734694,0.4340816326530612,17.97079714345243,-0.12449277752913646,17.97122835041542
1.1212156399380349,0.12122448979591836,0.4375510204081633,17.97079714345243,-0.12449277752913646,17.97122835041542
1.128791440425084,0.11448979591836737,0.4410204081632653,17.97079714345243,-0.12449277752913646,17.97122835041542
1.1363672409121333,0.10775510204081634,0.44448979591836735,17.97079714345243,-0.12449277752913646,17.97122835041542
1.1439430413991825,0.10102040816326531,0.4479591836734694,17.97079714345243,-0.12449277752913646,17.97122835041542
1.1515188418862317,0.09428571428571428,0.4514285714285714,19.39786197923654,-0.0005555442188794538,19.397861987191785
1.1590946423732809,0.08755102040816326,0.4548979591836735,19.39786197923654,-0.0005555442188794538,19.397861987191785
1.16667044286033,0.08081632653061227,0.4583673469387755,19.39786197923654,-0.0005555442188794538,19.397861987191785
1.1742462433473793,0.07408163265306124,0.46183673469387754,19.39786197923654,-0.0005555442188794538,19.397861987191785
1.1818220438344285,0.0673469387755102,0.4653061224489796,19.39786197923654,-0.0005555442188794538,19.397861987191785
1.1893978443214777,0.06061224489795918,0.46877551020408165,19.39786197923654,-0.0005555442188794538,19.397861987191785
1.1969736448085269,0.05387755102040815,0.4722448979591837,19.39786197923654,-0.0005555442188794538,19.397861987191785
1.204549445295576,0.04714285714285716,0.4757142857142857,19.39786197923654,-0.0005555442188794538,19.397861987191785
1.2121252457826253,0.040408163265306135,0.4791836734693877,19.39786197923654,-0.0005555442188794538,19.397861987191785
1.2197010462696745,0.0336734693877551,0.4826530612244898,19.39786197923654,-0.0005555442188794538,19.397861987191785
1.2272768467567237,0.026938775510204075,0.48612244897959184,19.39786197923654,-0.0005555442188794538,19.397861987191785
1.2348526472437729,0.020204081632653047,0.48959183673469386,19.39786197923654,-0.0005555442188794538,19.397861987191785
1.242428447730822,0.013469387755102057,0.4930612244897959,19.39786197923654,-0.0005555442188794538,19.397861987191785
1.2500042482178713,0.006734693877551028,0.496530612244898,19.39786197923654,-0.0005555442188794538,19.397861987191785
1.2575800487049205,0.0,0.5,18.41065347074293,0.006520164266911781,18.41065462530653
